"Burden","Season","Date","Low","High"
"Hospitalizations","2024-2025","2024-10-05","570","1,200"
"Hospitalizations","2024-2025","2024-10-12","1,300","2,600"
"Hospitalizations","2024-2025","2024-10-19","2,300","4,400"
"Hospitalizations","2024-2025","2024-10-26","3,500","6,700"
"Hospitalizations","2024-2025","2024-11-02","5,100","9,600"
"Hospitalizations","2024-2025","2024-11-09","7,400","14,000"
"Hospitalizations","2024-2025","2024-11-16","10,000","19,000"
"Hospitalizations","2024-2025","2024-11-23","14,000","26,000"
"Hospitalizations","2024-2025","2024-11-30","19,000","34,000"
"Hospitalizations","2024-2025","2024-12-07","25,000","45,000"
"Hospitalizations","2024-2025","2024-12-14","33,000","60,000"
"Hospitalizations","2024-2025","2024-12-21","44,000","80,000"
"Hospitalizations","2024-2025","2024-12-28","56,000","100,000"
"Hospitalizations","2024-2025","2025-01-04","71,000","130,000"
"Hospitalizations","2024-2025","2025-01-11","86,000","160,000"
"Hospitalizations","2024-2025","2025-01-18","96,000","180,000"
"Hospitalizations","2024-2025","2025-01-25","110,000","200,000"
"Hospitalizations","2024-2025","2025-02-01","120,000","220,000"
"Hospitalizations","2024-2025","2025-02-08","130,000","240,000"
"Hospitalizations","2024-2025","2025-02-15","140,000","260,000"
"Hospitalizations","2024-2025","2025-02-22","150,000","280,000"
"Hospitalizations","2024-2025","2025-03-01","160,000","300,000"
"Hospitalizations","2024-2025","2025-03-08","160,000","310,000"
"Hospitalizations","2024-2025","2025-03-15","170,000","320,000"
"Hospitalizations","2024-2025","2025-03-22","180,000","330,000"
"Hospitalizations","2024-2025","2025-03-29","180,000","340,000"
"Hospitalizations","2024-2025","2025-04-05","180,000","340,000"
"Hospitalizations","2024-2025","2025-04-12","180,000","350,000"
"Hospitalizations","2024-2025","2025-04-19","190,000","350,000"
"Hospitalizations","2024-2025","2025-04-26","190,000","350,000"
"Hospitalizations","2024-2025","2025-05-03","190,000","360,000"
"Hospitalizations","2024-2025","2025-05-10","190,000","360,000"
"Hospitalizations","2024-2025","2025-05-17","190,000","360,000"
"Hospitalizations","2024-2025","2025-05-24","190,000","360,000"
"Hospitalizations","2024-2025","2025-05-31","190,000","360,000"
"Hospitalizations","2024-2025","2025-06-07","190,000","360,000"
"Hospitalizations","2024-2025","2025-06-14","190,000","360,000"
"Hospitalizations","2024-2025","2025-06-21","190,000","360,000"
"Hospitalizations","2024-2025","2025-06-28","190,000","360,000"
"Hospitalizations","2024-2025","2025-07-05","190,000","360,000"
"Hospitalizations","2024-2025","2025-07-12","190,000","360,000"
"Hospitalizations","2024-2025","2025-07-19","190,000","360,000"
"Hospitalizations","2024-2025","2025-07-26","190,000","360,000"
"Hospitalizations","2024-2025","2025-08-02","190,000","360,000"
"Hospitalizations","2024-2025","2025-08-09","190,000","360,000"
"Hospitalizations","2024-2025","2025-08-16","190,000","360,000"
"Hospitalizations","2024-2025","2025-08-23","190,000","370,000"
"Hospitalizations","2024-2025","2025-08-30","190,000","370,000"
"Hospitalizations","2024-2025","2025-09-06","190,000","370,000"
"Hospitalizations","2024-2025","2025-09-13","190,000","370,000"
"Hospitalizations","2024-2025","2025-09-20","190,000","370,000"
"Hospitalizations","2024-2025","2025-09-27","190,000","370,000"
"Hospitalizations","2025-2026","2025-10-04","294","668"
"Hospitalizations","2025-2026","2025-10-11","688","1,445"
"Hospitalizations","2025-2026","2025-10-18","1,179","2,363"
"Hospitalizations","2025-2026","2025-10-25","1,741","3,428"
"Hospitalizations","2025-2026","2025-11-01","2,485","4,851"
"Hospitalizations","2025-2026","2025-11-08","3,533","6,910"
"Hospitalizations","2025-2026","2025-11-15","4,911","9,451"
"Hospitalizations","2025-2026","2025-11-22","6,446","12,360"
"Hospitalizations","2025-2026","2025-11-29","8,374","16,010"
"Hospitalizations","2025-2026","2025-12-06","11,063","21,317"
"Hospitalizations","2025-2026","2025-12-13","14,859","28,624"
"Hospitalizations","2025-2026","2025-12-20","19,850","38,006"
"Hospitalizations","2025-2026","2025-12-27","25,674","49,247"
"Hospitalizations","2025-2026","2026-01-03","32,728","63,836"
"Hospitalizations","2025-2026","2026-01-10","40,317","79,365"
"Hospitalizations","2025-2026","2026-01-17","48,138","94,958"
"Hospitalizations","2025-2026","2026-01-24","55,946","110,335"
"Hospitalizations","2025-2026","2026-01-31","64,291","126,964"
"Hospitalizations","2025-2026","2026-02-07","74,087","145,516"
"Hospitalizations","2025-2026","2026-02-14","83,471","165,041"
"Hospitalizations","2025-2026","2026-02-21","96,663","189,766"
"Hospitalizations","2025-2026","2026-02-28","106,693","210,339"
"Hospitalizations","2025-2026","2026-03-07","116,568","230,268"
"Hospitalizations","2025-2026","2026-03-14","124,261","247,007"
"Hospitalizations","2025-2026","2026-03-21","131,667","263,035"
"Hospitalizations","2025-2026","2026-03-28","138,344","277,101"
"Hospitalizations","2025-2026","2026-04-04","144,795","289,595"
"Hospitalizations","2025-2026","2026-04-11","153,251","303,678"
"Hospitalizations","2025-2026","2026-04-18","157,399","312,372"
"Hospitalizations","2025-2026","2026-04-25","160,757","318,723"
"Hospitalizations","2025-2026","2026-05-02","163,028","323,642"
"Hospitalizations","2025-2026","2026-05-09","164,834","327,490"
"Hospitalizations","2025-2026","2026-05-16","165,508","329,529"
"Hospitalizations","2025-2026","2026-05-23","167,744","332,993"
"Hospitalizations","2025-2026","2026-05-30","168,242","334,453"
"Hospitalizations","2025-2026","2026-06-06","169,560","336,711"
